{"cameraMode":{"drawMode":0,"name":"Shaded","section":"Shading Mode"},"sceneLighting":true,"audioPlay":false,"sceneViewState":{"m_AlwaysRefresh":false,"showFog":true,"showSkybox":false,"showFlares":true,"showImageEffects":true,"showParticleSystems":true,"showVisualEffectGraphs":true,"m_FxEnabled":true},"in2DMode":false,"pivot":{"x":39.613189697265628,"y":44.244773864746097,"z":1595.1453857421875},"rotation":{"x":-0.19990681111812592,"y":0.02174767293035984,"z":-0.004434538539499044,"w":-0.9795766472816467},"size":0.8660253882408142,"orthographic":false}