{"cameraMode":{"drawMode":0,"name":"Shaded","section":"Shading Mode"},"sceneLighting":true,"audioPlay":false,"sceneViewState":{"m_AlwaysRefresh":false,"showFog":true,"showSkybox":true,"showFlares":true,"showImageEffects":true,"showParticleSystems":true,"showVisualEffectGraphs":true,"m_FxEnabled":true},"in2DMode":false,"pivot":{"x":1.1279398202896119,"y":0.4288395047187805,"z":-1.5383377075195313},"rotation":{"x":-0.04992091283202171,"y":0.93482506275177,"z":-0.14588724076747895,"w":-0.31988653540611269},"size":3.8451693058013918,"orthographic":false}